group_id,parent_id,group_name,removed
367,97103,Апарат Головнокомандувача ЗС України,0
368,367,Відділ протоколу,0
369,367,Відділ секретного документального забезпечення,0
370,367,Управління внутрішнього контролю,0
372,367,Управління стратегічних комунікацій,0
373,97103,ВСП ЗС України,0
374,373,А0880,0
375,373,А0488,0
376,373,А0952,0
377,373,А2100,0
378,373,А2424,0
380,97103,Генеральний штаб ЗС України,0
381,380,А0133,0
382,380,А0136,0
383,380,А0994,0
384,380,А2513,0
385,380,Адміністративне управління,0
386,380,Апарат помічників начальника Генерального Штабу,0
387,380,Військово-музичне управління ЗС України,0
388,380,Воєнно-наукове управління,0
389,380,Головне оперативне управління,0
390,380,Центральне управління цивільно-військового співробітництва,0
391,380,Головне управління доктрин та підготовки,0
392,380,Головне управління логістики,0
393,380,Головне управління морально-психологічного забезпечення,0
394,380,Головне управління оборонного планування,0
395,380,Головне управління персоналу,0
396,380,Головне управління розвитку та супроводження матеріального забезпечення,0
397,380,Головний командний центр,0
398,380,Комендатура ГШ України,0
399,380,Об'єднаний оперативний штаб,0
400,380,Управління зв'язків з громадськістю ЗС України,0
401,380,Управління по роботі з сержанським складом,0
402,380,Управління правового забезпечення,0
403,380,"Фінансове управління ",0
404,380,Центральне управління безпеки військової служби,0
405,380,Центральне управління зв'язку та інформаційних систем,0
406,380,"Центральне управління оборонних ресурсів ",0
407,380,"Центральне управління охорони державної таємниці та захисту інформації ",0
408,380,Центральне юридичне управління,0
409,97103,ГУР МО України,0
410,409,А0515,0
411,409,А0525,0
412,409,А1799,0
413,409,А2299,0
414,409,А2390,0
415,409,А2798,0
416,97103,КВЗ та КБ ЗС України,0
417,416,А0168,0
419,416,А0106,0
421,416,А0351,0
422,416,А0415,0
423,416,А0476,0
424,416,А0565,0
425,416,А0707,0
426,416,А2724,0
427,416,А3200,0
428,416,А3990,0
429,416,Військовий інститут телекомунікації та інформатизації імені Героїв Крут,0
430,416,Головний ПУСЗ,0
431,97103,КДШВ ЗС України,0
432,431,А0281,0
434,431,А0876,0
435,431,А1493,0
438,97103,КМС ЗС України (Головне військово-медичне управління),0
440,438,А0503,0
441,438,А0928,0
442,438,А1056,0
444,438,А1168,0
447,438,А1931,0
448,438,А1952,0
449,438,А2554,0
450,438,А2923,0
453,438,А3122,0
456,97103,КОС ЗС України,0
457,456,А0135,0
459,97103,КПС ЗС України,0
461,459,А0704,0
464,459,А2215,0
471,97103,КСВ ЗС України,0
472,471,А0105,0
473,471,А0222,0
474,471,А0249,0
475,471,А1465,0
477,471,А1499,0
479,471,А1937,0
481,471,А2399,0
482,471,А2571,0
483,471,А2731,0
485,471,А3085,0
486,471,А3367,0
490,471,ВІКНУ,0
492,97103,ЦУЗ ПММ КСЛ ЗС України,0
493,492,А0297,0
494,492,А0307,0
495,492,А0598,0
499,492,А1840,0
505,492,А2791,0
506,492,А3358,0
507,492,А4533,0
508,97103,КСП ЗС України,0
509,508,А0108,0
510,508,А0204,0
511,508,А0312,0
513,508,А0602,0
514,508,А0766,0
516,508,А1333,0
517,508,А1423,0
519,508,А2330,0
520,508,А2641,0
522,508,А3796,0
523,508,А4127,0
524,97103,КССО ЗС України,0
527,524,А0987,0
529,524,А3628,0
530,524,А4398,0
531,524,А4423,0
532,97103,МО України,0
533,532,А0177,0
534,532,А2365,0
535,532,Відділ взаємодії з Верховною Радою України та Кабінетом Міністрів України Департаменту інформаційно-організаційної роботи та контролю,0
536,532,Департамент інформаційно-організаційної роботи та контролю,0
537,532,Відділ зв'язків із ЗМІ,0
538,532,Відділ координації стратегічних комунікацій та моніторингу,0
539,532,Відділ координації контрольних заходів,0
540,532,Галузевий державний архів,0
541,532,Головна інспекція,0
542,532,Головне управління з організації виробництва боєприпасів та будівництва споруд спеціально призначення,0
543,532,Головне управління майна та ресурсів,0
544,532,Департамент військової освіти та науки,0
545,532,"Департамент військово-технічної політики, розвитку озброєння та військової техніки",0
547,532,"Департамент воєнної політики, стратегічного планування",0
548,532,Департамент державних закупівель,0
549,532,Департамент кадрової політики,0
550,532,Департамент міжнародного оборонного співробітництва,0
551,532,Департамент соціального забезпечення,0
552,532,Департамент фінансів,0
553,532,Департамент юридичного забезпечення,0
554,532,Державний науково-дослідницький інститут авіації,0
555,532,Директорат інформаційної політики в сфері оборони та стратегічних комунікацій,0
556,532,Директорат політики у сфері оборони,0
557,532,Київське квартирно-експлуатаційне управління,0
558,532,Мобілізаційний відділ,0
559,532,Науково-методичний центр кадрової політики,0
560,532,"Національний університет оборони України імені Івана Черняховського ",0
561,532,Об'єднаний комітет профспілки працівників ЦА МОУ та ГШ ЗСУ,0
562,532,Патронатна служба,0
563,532,Північне територіальне юридичне управління,0
564,532,Приймальня міністра,0
565,532,Сектор з оборонних проблем,0
566,532,Управління безпечності харчових продуктів та ветеринарної медицини,0
567,532,Управління військових представництв,0
568,532,Управління державного технічного нагляду,0
569,532,Управління екологічної безпеки та протимінної діяльності,0
570,532,Управління з питань запобігання та виявлення корупції,0
571,532,Управління інформаційних технологій,0
572,532,"Управління нормативно-методичного забезпечення та моніторингу володіння нерухомого майна та земель, використання та розпорядження ",0
573,532,Управління охорони державної таємниці,0
574,532,Управління преси та інформації,0
575,532,Управління протоколу МОУ,0
576,532,Управління регулювання діяльності державної авіації,0
577,532,"Управління стандартизації, кодифікації та каталогізації",0
578,532,Управління фізичної культури і спорту,0
579,532,Управління цивільно-військового співробітництва ЗС України,0
580,532,Центральна військово-лікарська комісія,0
581,532,Центральна телерадіостудія,0
582,532,Центральне управління контролю якості,0
583,532,Центральний апарат МОУ,0
584,532,Центральний науково-дослідницький інститут,0
585,532,Центральний науково-дослідницький інститут випробувань і сертифікації озброєння та військової техніки,0
586,532,Центр забезпечення службової діяльності,0
587,97103,Навчання (ВЗ Туман),0
590,97103,"ПВК ""Центр""",0
5194,416,A0334,0
5335,1127762,3 територіальне управління внутрішнього аудиту м. Вінниці,0
5475,1093022,А2582,0
5610,532,Департамент внутрішнього аудиту,0
5623,438,16 регіональна військово-лікарська комісія,0
5935,492,А0153,0
6535,456,КП ООС,0
6536,456,СКП ППО,0
6537,456,Українська сторона спільного центру контролю та координації припинення вогню та розмежування сторін,0
6538,456,Цивільно-військове співробітництво м. Бахмут,0
6539,456,Цивільно-військове співробітництво м. Краматорськ,0
6547,532,227 військове представництво,0
7066,1127327,Військова Академія м.Одеса,0
7067,1125759,КВМС ЗС України,0
7075,7067,А2238,0
7076,1127327,A2393,0
7402,7067,59 будинок офіцерів,0
7498,7067,"Інститут ВМС НУ ""ОМА""",0
7779,7067,А0216,0
7801,7067,А0878,0
7802,7067,А0456,0
7826,431," А0641",0
7828,431,А2120,0
7829,431,А4165,0
7833,1201999,A3199,0
7869,7067,А1017,0
7870,7067,А1032,0
7871,7067,А1275,0
7872,7067,А1420,0
7873,7067,А1940,0
7874,7067,А2022,0
7875,7067,А2062,0
7876,7067,А2407,0
8049,1127331,A1283,0
8181,7067,А0904,0
8440,7067,А1942,0
8441,7067,А2613,0
8444,7067,А2637,0
8445,7067,А2802,0
9125,7067,А3130,0
9128,7067,А3537,0
9129,7067,А3821,0
9130,7067,А4362,0
9140,1127102,ПвК Південь,0
9141,9140,А2183,0
9172,1127104,А3476,0
9176,1201999,А2077,0
9271,1127331,A3783,0
9641,7067,А3346,0
10143,431,А3771,0
10896,380,"Державного науково-дослідницького інституту ",0
10972,471,А1048,0
11341,471,А4583,0
29462,7067,А1688,0
29479,459,А3292,0
29504,7067,А3163,0
29881,7067,А1892,0
34450,7067,А4217,0
34507,471,"Військовий інститут ТВ НТУ ""ХПІ""",0
34626,456,А4507,0
38961,459,А0799,0
44784,1127322,А1495,0
49368,9140,ФП та ПКАП ХНУПС,0
58710,397,А3620,0
58721,7067,А0619,0
63178,5610,2 територіальне уаравління внутрішнього аудиту,0
63338,7067,А4210,0
63629,7067,Контактний пункт ВМС ЗСУ,0
68339,431,25 гарнізонний  будинок офіцерів,0
72798,7067,А2777,0
75378,532,Управління по роботі зі зверненнями громадян та доступу до публічної інформації,0
111862,187667,Група Кіберборотьби,0
120783,397,А0911,0
137820,97103,"КСТРО ЗС України (А1155, м. Київ)",0
137821,1019594,А7043,0
137822,1019594,А7044,0
137823,1019594,А7045,0
137824,1019594,А7046,0
137825,1019594,А7047,0
150679,1151471,А2899,0
151266,1127330,A5833,0
152836,1127324,8 ЦЗІ та КБ в ІТС,0
180885,1019594,A7042,0
187289,180885,А7302,0
193286,1019594,А5725,0
210430,1126524,20 гарнізонний будинок офіцерів смт. Гончарівське,0
224007,532,Інформаційне агентство МОУ,0
226683,180885,А7299,0
237261,932491,A7374,0
240062,1019594,А7040,0
240063,240062,А4347,0
266923,137822,А7310,0
280412,137820,A7032,0
284168,590,А1402,0
295167,1127104,КЕВ м.Херсон,0
301492,405,А4460,0
341499,1125760,Вінницький ОТЦК та СП,0
416957,7067,А1965,0
471489,532,Директорат економічного аналізу і планування,0
488136,240062,A7295,0
551129,7067,A1405,0
553805,97103,Квартирно - експлуатаційне управління,0
553806,553805,Білоцерківське КЕУ,0
563243,557,Київське квартирно експлуатаційне відділення,0
578365,471,9 гарнізонний будинок офіцерів,0
578468,5610,5-й відділ управління внутрішнього аудиту,0
592372,471,Військово-музичний центр СВ ЗС України,0
625062,1126524,"31 гарнізонний будинок офіцерів ",0
640279,1125760,Південний територіальний відділ пожежної безпеки,0
710213,180885,A7377,0
717270,389,Оперативна група ДСНС,0
745409,471,А4638,0
799982,1127331,А5233,0
814280,180885,А7300,0
819376,380,Управління Пожежною Безпекою (УПБ),0
830894,240062,А7040,0
916455,7067,А4271,0
916528,438,A7366,0
928162,180885,А7303,0
932491,1019594,А4076,0
932494,932491,А4076,0
957637,193286,А5185,0
973488,1125772,"ОСУВ ""Хортиця""",0
973496,973488,"ОУВ ""Соледар""",0
973499,973488,"ОТУ ""Лиман""",0
986373,137820,251 обтро,0
994373,471,А4122,0
996269,7067,A1980,0
996874,471,А7015,0
997381,137822,А7044,0
1007694,590,А1236,0
1009375,373,ГУ ВСП ЗСУ,0
1016829,380,А3444,0
1019594,1125758,"Регіональне управління Сил ТрО ""Північ"" ",0
1019697,532,Центральний будинок офіцерів (м. Київ),0
1026538,590,А2614,0
1027629,1125760,ГУ ДСНС України в Одеській обл.,0
1029582,373,Центральне управління ВСП ЗСУ,0
1029597,532,Державний науково-дослідний інститут авіації ЗСУ,0
1029686,524,А0418,0
1047183,973488,БАС,0
1049139,380,Розвідувальний орган (J2),0
1057264,973488,Бонджові,0
1068862,137820,А7335,0
1072988,932491,А7296,0
1072991,932491,А7373,0
1072992,932491,А7375,0
1072996,932491,А7376,0
1072997,932491,А4081,0
1072998,932491,А4247,0
1072999,240062,А7292,0
1073000,240062,А7293,0
1073001,240062,А7294,0
1073002,240062,А7297,0
1073003,240062,А4100,0
1073004,240062,А4124,0
1073005,240062,А4659,0
1073006,180885,А7042,0
1073007,180885,А7298,0
1073008,409,А4126,0
1073011,180885,А4639,0
1073012,137821,А7043,0
1073013,137821,А7304,0
1073014,137821,А7305,0
1073015,137821,А7306,0
1073016,137821,А7307,0
1073017,137821,А7309,0
1073023,137822,А7311,0
1073024,137822,А7312,0
1073025,137822,А7313,0
1073026,137822,А7314,0
1073046,137823,А7045,0
1073047,137823,А7316,0
1073048,137823,А7317,0
1073049,137823,А7318,0
1073050,137823,А7319,0
1073051,137823,А7320,0
1073052,137823,А7321,0
1073053,137824,А7046,0
1073054,137824,А7322,0
1073055,137824,А7323,0
1073056,137824,А7324,0
1073057,137824,А7325,0
1073058,137824,А7326,0
1073059,137825,А7047,0
1073060,137825,А7328,0
1073061,137825,А7329,0
1073062,137825,А7330,0
1073063,137825,А7331,0
1073064,137825,А7332,0
1073065,137825,А7333,0
1073352,532,Управління забезпечення реагування на кризові ситуації,0
1082187,397,Інформаційно-аналітичний центр,0
1082926,524,А4123,0
1083003,1127331,4 територіальне управління внутрішнього аудиту,0
1085761,532,Центр інновацій на розвитку оборонних технологій,0
1088370,471,A7014,0
1092899,1092885,А0583,0
1092900,1092885,А1666,0
1092901,1092886,Т0110,0
1092902,1092888,7 ЦЗІ та КБ,0
1092903,1092889,А0284,0
1092904,1092890,А1047,0
1092905,1092890,А1446,0
1092906,1092890,А4520,0
1092907,1092890,А4554,0
1092908,1092890,А7234,0
1092909,1092890,Військово-медичний клінічний центр західного регіону,0
1092910,1092897,А1108,0
1092911,1092891,А2595,0
1092912,1092891,А3369,0
1092913,1092891,А3595,0
1092914,1092891,Національна академія  СВ імені гетьмана Петра Сагайдачного,0
1092915,1092892,А0153,0
1092916,1092892,А1124,0
1092917,1092892,А1587,0
1092918,1092892,А1807,0
1092919,1092892,А1915,0
1092920,1092892,А2363,0
1092921,1092892,А2678,0
1092922,1092892,А4559,0
1092923,1092892,КЕВ м.Львів,0
1092924,1092892,КЕВ м.Мукачево,0
1092925,1092892,КЕВ м.Рівне,0
1092926,1092892,КЕВ м.Тернопіль,0
1092927,1092892,КЕВ м.Чернівці,0
1092928,1092892,КЕЧ м.Івано-Франківськ,0
1092929,1092892,КЕЧ м.Самбір,0
1092930,1092892,КЕЧ м.Яворів,0
1092931,1092892,Управління військовими сполученнями на Львівській залізниці,0
1092932,1092893,А0451,0
1092933,1092893,А0807,0
1092934,1092893,А2308,0
1092935,1092893,А2755,0
1092936,1092894,A1277,0
1092937,1092895," А7062",0
1092938,1092891,A7013,0
1092939,1092895,A7029,0
1092940,1092895,A7032,0
1092941,1092895,A7034,0
1092942,1092895,A7059,0
1092943,1092895,A7060,0
1092944,1092895,A7086,0
1092945,1092895,А5505,0
1092946,1092895,А5509,0
1092947,1092895,А7028,0
1092948,1092895,А7030,0
1092949,1092895,А7031,0
1092950,1092895,А7033 (Тернопільська обл),0
1092951,1092895,А7035 (Чернівці),0
1092952,1092895,А7064,0
1092953,1092895,А7069,0
1092954,1092895,А7073,0
1092955,1092895,А7124,0
1092956,1092895,А7172,0
1092957,1092895,А7180,0
1092958,1092895,А7181,0
1092959,1092895,А7185,0
1092960,1092895,А7187,0
1092961,1092895,А7381,0
1092962,1092895,А7393,0
1092963,1092896,Галузевий державний архів,0
1092964,1092897," Хмельницький ОТЦК та СП",0
1092965,1092897,Івано-Франківський ОТЦК та СП,0
1092967,1092897,А0363,0
1092970,1092897,А0508,0
1092971,1092897,А0532,0
1092972,1092897,А0998,0
1092973,1092897,А1008,0
1092976,1092897,А1548,0
1092977,1092897,А1556,0
1092978,1092897,А1671,0
1092979,1092897,А1979,0
1092980,1092897,А2122,0
1092981,1092897,А2375,0
1092982,1092897,А2562,0
1092983,1092897,А2892,0
1092985,1092897,А3817,0
1092986,1092897,А4152,0
1092987,1092897,А4240,0
1092988,1092897,А4267,0
1092991,1092897,Волинський ОТЦК та СП,0
1092992,1092897,Закарпатський ОТЦК та СП,0
1092993,1092897,Львівський ОТЦК та СП,0
1092994,1092897,Рівненський ОТЦК та СП,0
1092995,1092897,Тернопільський ОТЦК та СП,0
1092996,1092897,Чернівецький ОТЦК та СП,0
1092997,1092898,A0359,0
1092998,1092898,A1267,0
1092999,1092898,A1547,0
1093000,1092898,A4324,0
1093001,1092898,А0383,0
1093002,1092898,А0711,0
1093003,1092898,А0742,0
1093004,1092898,А0780,0
1093005,1092898,А0864,0
1093006,1092898,А0959,0
1093007,1092898,А1349,0
1093008,1092898,А1573,0
1093009,1092898,А1920,0
1093010,1092898,А2166,0
1093011,1092898,А2602,0
1093012,1092898,А2847,0
1093013,1092898,А3730,0
1093014,1092898,А4623,0
1093015,1092899,A0583,0
1093016,1092899,А2736,0
1093018,1092899,Рівненський ЗВ ВСП,0
1093019,1092899,Тернопільський ЗВ ВСП,0
1093020,1092899,Ужгородський ЗВ ВСП,0
1093021,1092899,Хмельницький ЗВ ВСП,0
1093022,1092903,А0284,0
1093023,1092903,А2582,0
1093024,1092909,Військово-медичний клінічний центр західного регіону,0
1093025,1092912,А0697,0
1093026,1092912,А3719,0
1093027,1092914,A4150,0
1093028,1092914,А2615,0
1093029,1092914,А2943,0
1093030,1092914,А4138,0
1093031,1092914,Національна академія  СВ імені гетьмана Петра Сагайдачного,0
1093033,1092940,А7065,0
1093034,1092964," Хмельницький ОМТЦК та СП",0
1093035,1092964," Хмельницький ОТЦК та СП",0
1093036,1092964,Кам'янець-Подільський РТЦК та СП,0
1093037,1092964,Хмельницький РТЦК,0
1093038,1092964,Шепетівський РТЦК та СП,0
1093041,1092965,Івано-Франківський ОТЦК та СП,0
1093047,1092970,А0508,0
1093051,1092977,А1556,0
1093052,1092977,А1778,0
1093057,1092991,Волинський ОТЦК та СП,0
1093062,1092992,Берегівський PТЦК та СП,0
1093063,1092992,Закарпатський ОТЦК та СП,0
1093064,1092992,Мукачівський РТЦК та СП,0
1093067,1092992,Хустський РТЦК та СП,0
1093069,1092993,Львівський ОТЦК та СП,0
1093071,1092994,Рівненський ОТЦК та СП,0
1093072,1092995," Кременецький РТЦК таСП",0
1093073,1092995," Тернопільський МТЦК та СП",0
1093074,1092995,Тернопільський ОТЦК та СП,0
1093075,1092995,Тернопільський РТЦК та СП,0
1093076,1092995,Чортківський РТЦК та СП,0
1093077,1092996," Дністровський РТЦК та СП (Кельменецький РТЦК та СП)",0
1093078,1092996,Вижницький РТЦК та СП,0
1093079,1092996,Чернівецький МТЦК та СП,0
1093080,1092996,Чернівецький ОТЦК та СП,0
1093081,1092996,Чернівецький РТЦК та СП,0
1093082,1092998,Піаніст,0
1093083,1092999,Дизайнер,0
1093084,1093000,А1463,0
1093085,1093000,А4324,0
1093086,1093000,А4604,0
1093087,1093001,Кодекс,0
1093088,1093001,Кодекс-1,0
1093089,1093002,Узор,0
1093090,1093003,Нікель,0
1093091,1093004,A0780,0
1093092,1093004,А2556,0
1093093,1093005,Кортеж,0
1093094,1093006,Супутник,0
1093095,1093007,Директор,0
1093096,1093007,Дукат,0
1093097,1093008,A1694,0
1093098,1093008,А1573,0
1093099,1093008,А2099,0
1093100,1093009,Героїка,0
1093101,1093010,Парча,0
1093102,1093010,Сектор,0
1093103,1093010,Соната,0
1093104,1093011,Нітрон,0
1093105,1093012,А2847,0
1093106,1093012,А3394,0
1093107,1093012,А3420,0
1093108,1093012,А3604,0
1093109,1093013,А1861,0
1093110,1093013,А2435,0
1093111,1093013,А3159,0
1093112,1093013,А3730,0
1093113,1093014,Бусоль,0
1093114,1093014,Квартет,0
1093115,1093014,Лелека,0
1093116,1093014,Маклер,0
1093117,1093018,Рівненський ЗВ ВСП,0
1093118,1093019,Івано-Франківське відділення ВСП,0
1093121,1093024,А0233,0
1093122,1093024,А4441,0
1093123,1093028,А3618,0
1093124,1093036,2 відділ Кам'янець-Подільського РТЦК та СП (Чемеровецький РТЦК та СП),0
1093125,1093036,3 відділ Кам'янець-Подільського РТЦК та СП (Новоушицький РТЦК та СП),0
1093126,1093037," 6 відділ Хмельницького РТЦК та СП (Ярмолинецький РТЦК та СП)",0
1093127,1093037,10 відділ Хмельницького РТЦК та СП (Старосинявський РТЦК та СП),0
1093128,1093037,2 відділ Хмельницького РТЦК та СП (Городоцький РТЦК та СП),0
1093129,1093037,3 відділ Хмельницького РТЦК та СП (Деражнянський РТЦК та СП),0
1093130,1093037,4 відділ Хмельницького РТЦК та СП (Красилівський РТЦК та СП),0
1093131,1093037,5 відділ Хмельницького РТЦК та СП (Летичівський РТЦК та СП),0
1093132,1093037,8 відділ Хмельницького РТЦК та СП (Теофіпольський РТЦК та СП),0
1093133,1093037,9 відділ Хмельницького РТЦК та СП (Вінковецький РТЦК та СП),0
1093134,1093038,1 відділ Шепетівського РТЦК та СП ( Славутський РТЦК та СП),0
1093135,1093038,2 відділ Шепетівського РТЦК та СП (Полонський РТЦК та СП),0
1093136,1093038,4 відділ Шепетівського РТЦК та СП  (Білогірський РТЦК та СП),0
1093137,1093047,КАМ'ЯНКА,0
1093147,1093062,1 відділ Берегівського РТЦК та СП (Виноградівський РТЦК та СП),0
1093148,1093063,Кабінет,0
1093149,1093064,1 відділ Мукачівського РТЦК та СП (Воловецький РТЦК та СП),0
1093151,1093067,2 відділ Хустського РТЦК та СП (Міжгірський РТЦК та СП),0
1093152,1093072,1 відділ Кременецького РТЦК та СП (Шумський РТЦК та СП),0
1093153,1093072,2 відділ Кременецького РТЦК та СП (Лановецький РТЦК та СП),0
1093154,1093075," 6 відділ Тернопільського РТЦК таСП(Теребовлянський РТЦК та СП)",0
1093155,1093075,1 відділ Тернопільського РТЦК та СП (Бережанський ОМТЦК та СП),0
1093156,1093075,2 відділ Тернопільського РТЦКтаСП (Зборівський РТЦК та СП),0
1093157,1093075,3 відділ Тернопільського РТЦК та СП (Збаражський РТЦК та СП),0
1093158,1093075,4 відділ Тернопільського РТЦК та СП (Козівський РТЦК та СП),0
1093159,1093075,5 відділ Тернопільського РТЦКА та СП (Підволочиський РТЦК та СП),0
1093160,1093075,7 відділ Тернопільського РТЦК та СП (Підгаєцький РТЦК та СП),0
1093161,1093076,1 відділ Чортківського РТЦК та СП (Гусятинський РТЦК та СП),0
1093162,1093076,2 відділ Чортківського РТЦК та СП (Борщівський РТЦК та СП),0
1093163,1093076,3 відділ Чортківського РТЦК та СП (Бучацький РТЦК та СП),0
1093164,1093076,4 відділ Чортківського РТЦК та СП (Заліщицький РТЦК та СП),0
1093165,1093076,5 відділ Чортківського РТЦК та СП (Монастириський РТЦК та СП),0
1093166,1093077," 1 відділ Дністровського РТЦК та СП (Хотинський РТЦК та СП)",0
1093167,1093077,2 відділ Дністровського РТЦК та СП (Сокирянський РТЦК та СП),0
1093168,1093081,1 відділ Чернівецького РТЦК та СП (Путильський РТЦК та СП),0
1093169,1093081,1 відділ Чернівецького РТЦК та СП (Сторожинецький РТЦК та СП),0
1093170,1093081,2 відділ Чернівецького РТЦК та СП (Глибоцький ОРТЦК та СП),0
1093171,1093081,3 відділ Чернівецького РТЦК та СП (Кіцманський ОРТЦК та СП),0
1093172,1093081,4 відділ Чернівецького РТЦК та СП (Новоселицький РТЦК та СП),0
1093173,1093081,5 відділ Чернівецького РТЦК та СП (Герцаївський РТЦК та СП),0
1093174,1093081,6 відділ Чернівецького РТЦК та СП (Заставнівський РТЦК та СП),0
1093175,1093084,A1463,0
1093176,1093084,A1822,0
1093177,1093084,A1859,0
1093178,1093084,А1524,0
1093179,1093085,Ваучер,0
1093180,1093085,Ваучер-1,0
1093181,1093086,A3737,0
1093182,1093086,A4604,0
1093183,1093086,П-18 М (А4604),0
1093184,1093086,РЛС П-18 М (А4604),0
1093185,1093092,Сектор,0
1093186,1093097,А1694,0
1093187,1093097,РЛС П-18 М (А1694),0
1093188,1093098,Корнет,0
1093189,1093099,151 орлв (А2099),0
1093190,1093099,Перепілка,0
1093191,1093105,Мельхіор,0
1093192,1093105,Мельхіор1,0
1093193,1093105,Чаша19,0
1093194,1093106,Ткач,0
1093195,1093107,Шарпей,0
1093196,1093109,Гобелен,0
1093197,1093109,Гобелен22,0
1093198,1093110,Сепаратор31,0
1093199,1093110,Сепаратор32,0
1093200,1093111,Вахтер 3,0
1093201,1093111,Вахтер КП,0
1093202,1093111,Вахтер1,0
1093203,1093111,Вахтер2,0
1093204,1093112,Горизонтальний,0
1093205,1093112,Шатен,0
1093206,1093175,Бювет,0
1093207,1093176,Галочка,0
1093208,1093177,Гравій,0
1093209,1093178,Бухта,0
1093210,1093181,РЛС (А3737),0
1093211,1093182,Латинь,0
1093212,1093183,Латинь-1,0
1093213,1093184,Латинь-1,0
1093214,1093186,Кортік,0
1093215,1093187,Баріста,0
1093216,1093189,Романтік,0
1093217,1093210,Дуаліст-1,0
1096420,193286,А4463,0
1122780,5194,ЦКБ (А0334),0
1122868,97103,"Навчально спортивна база зимових видів спорту “Тисовець""",0
1125765,1125757,ВСП ЗС України,0
1125766,1125757,ГКЦ ЗС України,0
1125767,1125757,Генеральний штаб ЗС України,0
1125768,1125757,ДССТУ,0
1125769,1125757,КВЗ та КБ ЗС України,0
1125770,1125757,КДШВ ЗС України,0
1125771,1125757,КМС ЗС України,0
1125772,1125757,КОС ЗС України,0
1125773,1125757,КПС ЗС України,0
1125774,1125757,КСВ ЗС України,0
1125775,1125757,КСЛ ЗС України,0
1125776,1125757,КСП ЗС України,0
1125777,1125757,МО України,0
1125778,1125757,"ОК ""Схід""",0
1125779,1125757,"ПВК ""Схід""",0
1125780,1125757,"Регіональне управління ""Схід"" КТрО",0
1125781,1125765,А2176,0
1125782,1125765,А2256,0
1125783,1125765,Східне ТУ ВСП,0
1125784,1125766,А1872,0
1125785,1125767,Центральне управління безпеки військової служби,0
1125786,1125768,Т0120,0
1125787,1125768,Т0320,0
1125788,1125769,3 ЦЗІ та КБ в ІТС,0
1125789,1125770,А1126,0
1125790,1125770,А2120,0
1125791,1125770,А4355,0
1125793,1125771,А1249,0
1125794,1125771,А1615,0
1125795,1125771,А3306,0
1125796,1125771,А3309,0
1125797,1125771,А4615,0
1125798,1125772,А0135-II,0
1125799,1125772,ОСУВ Таврія,0
1125802,1125772,Штаб оборони м. Краматорськ,0
1125803,1125773,А3292,0
1125804,1125773,А4104,0
1125805,1125773,ХНУПС,0
1125806,1125774,ВІТВ НТУ ХПІ,0
1125808,1125775,A4176,0
1125809,1125775,А0785,0
1125810,1125775,А1352,0
1125811,1125775,А2110,0
1125812,1125775,А3074,0
1125813,1125775,КЕВ міста Дніпро,0
1125814,1125776,А1121,0
1125815,1125777,"227 військове представництво ",0
1125816,1125777,621 Головне військове представництво,0
1125817,1125777,85 Головне військове представництво (Харків),0
1125818,1125777,Головне управління капітальних вкладень,0
1125819,1125778,А0355,0
1125820,1125778,А0501,0
1125821,1125778,А0536,0
1125822,1125778,А0563,0
1125823,1125778,А0693,0
1125824,1125778,А0763,0
1125825,1125778,А0764,0
1125826,1125778,А0839,0
1125827,1125778,А0891,0
1125828,1125778,А0943,0
1125829,1125778,А1035,0
1125830,1125778,А1214,0
1125831,1125778,А1302,0
1125832,1125778,А1314,0
1125833,1125778,А1361,0
1125834,1125778,А1363,0
1125835,1125778,А1588,0
1125836,1125778,А1823,0
1125837,1125778,А1828,0
1125838,1125778,А1964,0
1125839,1125778,А1978,0
1125840,1125778,А2010,0
1125841,1125778,А2129,0
1125842,1125778,А2326,0
1125843,1125778,А3139,0
1125844,1125778,А3283,0
1125845,1125778,А3336,0
1125846,1125778,А3750,0
1125847,1125778,А4226,0
1125848,1125778,Дніпропетровський ОТЦК та СП,0
1125849,1125778,Донецький ОТЦК та СП,0
1125850,1125778,Запорізький ОТЦК та СП,0
1125851,1125778,Луганський ОТЦК та СП,0
1125852,1125778,Харківський ОТЦК та СП,0
1125853,1125779,A4717,0
1125854,1125779,А0423,0
1125855,1125779,А0593,0
1125856,1125779,А1215,0
1125857,1125779,А1451,0
1125858,1125779,А2533,0
1125859,1125779,А3297,0
1125860,1125779,А3546,0
1125861,1125779,А4017,0
1125862,1125779,А4291,0
1125863,1125779,А4608,0
1125864,1125780,A7041,0
1125865,1125873,A7278,0
1125866,1125780,А4085,0
1125867,1125780,А4458,0
1125868,1125780,А4476,0
1125869,1125780,А5077,0
1125870,1125780,А5617,0
1125871,1125780,А7036,0
1125872,1125780,А7037,0
1125873,1125780,А7038,0
1125874,1125780,А7039,0
1125875,1125871,А7222,0
1125876,1125871,А7223,0
1125877,1125780,А7224,0
1125878,1125780,А7270,0
1125879,1125780,А7272,0
1125880,1125780,А7273,0
1125881,1125873,А7277,0
1125882,1125873,А7279,0
1125883,1125873,А7280,0
1125884,1125780,А7281,0
1125885,1125780,А7286,0
1125886,1125780,А7288,0
1125887,1125780,А7289,0
1125888,1125780,А7378,0
1125889,1125780,А7383,0
1125890,1125780,А7400,0
1125891,1125780,А7403,0
1125892,1125780,А7404,0
1125893,1125780,А7406,0
1125894,1125780,А7407,0
1125895,1125780,А7409,0
1125896,1125783," Управління військових сполучень м. Дніпро",0
1125897,1125783,Донецький ЗВ ВСП,0
1125898,1125783,Запорізький ЗВ ВСП,0
1125899,1125783,Луганський ЗВ ВСП,0
1125900,1125783,Управління військових сполучень м. Харків,0
1125901,1125783,Харківський ЗВ ВСП,0
1125902,1125785,Східне територіальне відділення пожежної безпеки,0
1125903,1125790,А0641,0
1125904,1125790,А1493,0
1125905,1125790,А4165,0
1125906,1125799,А0389,0
1125908,1125816,118 військове представництво,0
1125909,1125818,Південно-східне управління замовника робіт,0
1125910,1125823,А3220,0
1125911,1125857,А0329,0
1125912,1125857,А0478,0
1125913,1125857,А0523,0
1125914,1125857,А1322,0
1125915,1125857,А1933,0
1125916,1125857,А2019,0
1125917,1125857,А2057,0
1125918,1125857,А2109,0
1125919,1125857,А2189,0
1125920,1125857,А3010,0
1125921,1125857,А4611,0
1125922,1125864,А7287,0
1125923,1125864,А7291,0
1125924,1125871,А7372,0
1125925,1125872,А7271,0
1125926,1125872,А7275,0
1125927,1125877,А4060,0
1125928,1125877,А4067,0
1125929,1125877,А4082,0
1125930,1125877,А4098,0
1125931,1125877,А4121,0
1125932,1125883,А7282,0
1125933,1125919,А0728,0
1126524,1125758," ОК “Північ”",0
1126525,1125758,Lost & found 4ЦЗІ,0
1126526,1125758,ВСП ЗС України,0
1126527,1125758,ГКЦ ЗС України,0
1126528,1125758,ГШ ЗС України,0
1126529,1125758,ДССТ ЗС України,0
1126530,1125758,КВЗ та КБ в ІТС,0
1126531,1125758,КДШВ ЗС України,0
1126532,1125758,КМС ЗС України,0
1126533,1125758,КОС ЗС України,0
1126534,1125758,КПС ЗС України,0
1126535,1125758,КСВ ЗС України,0
1126536,1125758,КСЛ ЗС України,0
1126537,1125758,КСП ЗС України,0
1126538,1125758,КССО ЗС України,0
1126539,1125758,МО України,0
1126541,1126524,A0493,0
1126542,1126524,A1196,0
1126543,1126524,A1624,0
1126544,1126524,A1815,0
1126545,1126524,A2223,0
1126546,1126524,A2622,0
1126547,1126524,A2925,0
1126548,1126524,A2984,0
1126549,1126524,A2995,0
1126550,1126524,А4218,0
1126551,1126524,А0354,0
1126552,1126524,А0382,0
1126553,1126524,А0388,0
1126554,1126524,А0395,0
1126555,1126524,А0407,0
1126556,1126524,А0409,0
1126557,1126524,А1232,0
1126558,1126524,А1262,0
1126559,1126524,А1376,0
1126560,1126524,А1586,0
1126561,1126524,А1796,0
1126562,1126524,А2076,0
1126563,1126524,А2167,0
1126564,1126524,А2404,0
1126567,1126524,А3091,0
1126568,1126524,А3176,0
1126569,1126524,А3814,0
1126570,1126524,"Житомирський ОТЦК та СП ",0
1126571,1126524,Київський МТЦК та СП,0
1126572,1126524,"Київський ОТЦК та СП ",0
1126573,1126524,Полтавський ОТЦК та СП,0
1126574,1126524,Сумський ОТЦК та СП,0
1126575,1126524,Черкаський ОТЦК та СП,0
1126576,1126524,Чернігівський ОТЦК та СП,0
1126577,1126526,Житомирський ЗВ ВСП,0
1126578,1126526,Полтавський ЗВ ВСП,0
1126579,1126526,Сумський ЗВ ВСП,0
1126580,1126526,Черкаський ЗВ ВСП,0
1126581,1126526,Чернігівський ЗВ ВСП,0
1126582,1126527,А3258,0
1126583,1126528,А3444,0
1126584,1126528,Центр адміністративних стандартів,0
1126585,1126529,T0500,0
1126586,1126529,Т0330,0
1126587,1126530,A3990,0
1126588,1126530,А0334,0
1126589,1126531,A0339,0
1126590,1126531,A2298,0
1126591,1126531,A3316,0
1126592,1126531,А0281,0
1126593,1126531,А0876,0
1126594,1126531,А2900,0
1126595,1126531,А3204,0
1126596,1126531,А3771,0
1126597,1126531,А4223,0
1126598,1126531,А4350,0
1126599,1126531,А4633,0
1126600,1126532,A3120,0
1126601,1126532,A4302,0
1126602,1126532,А0503,0
1126603,1126532,А1065,0
1126604,1126532,А1382,0
1126605,1126532,А2554,0
1126606,1126532,А3114,0
1126607,1126533,А4507,0
1126608,1126534,A1435,0
1126609,1126534,A3335,0
1126610,1126534,A3958,0
1126611,1126534,А1564,0
1126612,1126534,А1580,0
1126613,1126534,А3177,0
1126614,1126534,А4245,0
1126615,1126535,A1710,0
1126616,1126535,А0665,0
1126617,1126535,А1476,0
1126618,1126535,А1499,0
1126619,1126535,А1546,0
1126620,1126535,А3384,0
1126621,1126535,А3508,0
1126622,1126524,А4583,0
1126623,1126535,А7113,0
1126624,1126623,Військово-музичний центр СВ ЗС України,0
1126625,1126535,Житомирський військовий інститут імені С.П. Корольова,0
1126626,1126535,Науково-дослідний Центр РВіА,0
1126627,1126536,A0734,0
1126628,1126536,A2192,0
1126629,1126536,A2975,0
1126630,1126536,А1479,0
1126631,1126536,А1744,0
1126632,1126536,А1912,0
1126633,1126536,А3193,0
1126634,1126536,А3358,0
1126635,1126536,А4167,0
1126636,1126536,А4558,0
1126637,1126536,КЕВ м. Житомир,0
1126638,1126536,КЕВ м. Полтава,0
1126639,1126536,КЕВ м. Черкаси,0
1126640,1126536,КЕВ м. Чернігів,0
1126641,1126536,КЕЧ м. Макарів,0
1126642,1126536,КЕЧ м. Звягель,0
1126643,1126536,КЕЧ м. Остер,0
1126644,1126537,А0543,0
1126645,1126537,А3160,0
1126646,1126538,А1182,0
1126647,1126538,А2772,0
1126648,1126539,1347 Військове представниство,0
1126649,1126539,3087 Військове Представництво,0
1126650,1126539,А0177,0
1126651,1126539,Північне управління замовника робіт,0
1126652,1126539,Північно-Східне управління внутрішнього аудиту МО,0
1126662,1126545,A2223-Б,0
1126663,1126546,A1783,0
1126668,1126570,Житомирський ОМТЦК,0
1126669,1126570,Коростенський РТЦК та СП,0
1126670,1126570,Звягельський РТЦК та СП ОМВК,0
1126671,1126571,Голосіївський РТЦК,0
1126672,1126571,Дарницький РТЦК,0
1126673,1126571,Деснянський РТЦК,0
1126674,1126571,Дніпровський РТЦК,0
1126675,1126571,Оболонський РТЦК,0
1126676,1126571,Печерський РТЦК,0
1126677,1126571,Святошинський РТЦК,0
1126678,1126571,Солом’янський РТЦК,0
1126679,1126571,Шевченківський РТЦК,0
1126680,1126572,Бориспільський РТЦК та СП,0
1126681,1126573,Кременчутський РТЦК та СП,0
1126682,1126573,Любенський РТЦК та СП,0
1126683,1126573,Полтавський РТЦК та СП,0
1126684,1126575,Звенигородський РТЦК та СП,0
1126685,1126575,Уманський РТЦК та СП,0
1126686,1126575,Черкаський ОМТЦК,0
1126687,1126575,Черкаський РТЦК та СП,0
1126688,1126577,Група ВСП м. Бердичів,0
1126689,1126578,Відділення м. Миргород,0
1126690,1126587,А0361,0
1126691,1126587,А3990,0
1126692,1126587,Військовий коледж сержантського складу ВІТІ,0
1126693,1126588,4 ЦЗІ та КБ в ІТС,0
1126694,1126595,А1977,0
1126695,1126616,А1048,0
1126696,1126616,А1414,0
1126697,1126616,А3435,0
1126698,1126627,1 база ремонту та зберігання засобів зв’язку військової частини А0734,0
1126699,1126627,A0734,0
1126700,1126634,А1724,0
1126701,1126634,А3358,0
1126737,1126670,1 відділ Новоград-Волинський ОМВК,0
1126738,1126670,2 відділ Новоград-Волинського ОМВК,0
1127097,1125759,Lost & found 6ЦЗІ,0
1127098,1125759,КВЗ та КБ в ІТС,0
1127100,1125759,КДШВ ЗС України,0
1127101,1125759,КМС ЗС України,0
1127102,1125759,КПС ЗС України,0
1127103,1125759,КСВ ЗС України,0
1127104,1125759,КСЛ ЗС України,0
1127105,1125759,КТРО ЗС України,0
1127107,1127098,6 ЦЗІ та КБ в ІТС,0
1127118,7067,А1804,0
1127137,1127100,А0224,0
1127138,1127101,А2428,0
1127139,1127101,А4619,0
1127140,1127102,А2708,0
1127141,1127102,А3544,0
1127142,1127102,А3767,0
1127143,1127102,А3840,0
1127144,1127102,А4465,0
1127145,1127103," А1405",0
1127147,1127103,А1604,0
1127148,1127103,"ОК ""Пiвдень""",0
1127149,1127104,А1080,0
1127150,1127104,А1201,0
1127152,1127104,А2082,0
1127153,1127104,А2920,0
1127154,1127104,КЕВ Кропивницький,0
1127155,1127104,КЕВ м.Миколаїв,0
1127156,1127105,А7340,0
1127157,1127105,А7341,0
1127158,9140,А1795,0
1127159,1127333,А1836,0
1127161,9140,А2709,0
1127162,1127148,А1890,0
1127163,1127148,А7049,0
1127322,1125760,ВСП ЗС України,0
1127323,1125760,ГВП Моу,0
1127324,1125760,КВЗ та КБ ЗС України,0
1127325,1125760,КЕВ м. Одеса,0
1127326,1125760,КМС ЗС України,0
1127327,1125760,КСВ ЗС України,0
1127328,1125760,КСЛ ЗС України,0
1127329,1125760,КССО ЗС України,0
1127330,1125760,КТрО ЗС України,0
1127331,1125760,"ОК ""Південь""",0
1127332,1125760,Одеський територіальний архівний відділ ГДА,0
1127333,1125760,ПВК Південь,0
1127334,1127322,Кропивницький ЗВ ВСП,0
1127335,1127322,Миколаївський ЗВ ВСП,0
1127336,1127322,Одеська ВСП,0
1127337,1127322,Херсонський ВСП,0
1127339,1127326,A4445,0
1127340,1127326,А0460,0
1127341,1127326,А4437,0
1127342,1127326,А4502,0
1127343,1127326,А4598,0
1127344,1127326,ВМКЦ Південного регіону м. Одеса,0
1127346,1127327,А2153,0
1127347,1127327,А3425,0
1127349,1127350,Кропивницький РТЦК та СП,0
1127350,1127327,Кропивницький ОТЦК та СП,0
1127351,1127327,Одеський ОТЦК та СП,0
1127352,1127327,Херсонський ОТЦК та СП,0
1127353,1127328,A0981,0
1127355,1127328,Управління військовими сполученнями на Одеській залізниці,0
1127356,1127329,A2455,0
1127357,1127330,А7063,0
1127358,1127330,А7336,0
1127359,1127330,А7348,0
1127360,1127330,А7351,0
1127361,1127330,А7354,0
1127362,1127330,А7355,0
1127363,1127330,А7359,0
1127364,1127330,А7360,0
1127365,1127330,А7395,0
1127366,1127330,А7397,0
1127367,1127330,А7399,0
1127368,1127331,A0365,0
1127369,1127331,A0666,0
1127370,1127331,A0989,0
1127372,1127331,A1536,0
1127373,1127331,A1559,0
1127374,1127331,A1629,0
1127375,1127331,A1736,0
1127376,1127331,A2152,0
1127378,1127331,A2395,0
1127379,1127331,A2412,0
1127380,1127331,A2756,0
1127381,1127331,A3269,0
1127382,1127331,A3438,0
1127384,1127331,A3880,0
1127385,1127331,A4351,0
1127386,1127331,А0416,0
1127387,1127331,А0447,0
1127388,1127331,А0528,0
1127389,1127331,А1619,0
1127390,1127331,А2558,0
1127391,1127331,А2800,0
1127392,1127331,А4472,0
1127394,1127331,А7051,0
1127395,1127330,А7053,0
1127396,1127331,А7337,0
1127397,1127331,А7344,0
1127398,1127330,А7350,0
1127399,1127331,А7361,0
1127400,1127331,А7362,0
1127402,1127331,Пункт управління системою зв'язку,0
1127403,1127331,Південне територіальне управління внутрішнього аудиту м. Одеса,0
1127404,1127331,Південний територіальний відділ безпеки військової служби,0
1127405,1127331,Південний територіальний відділ пожежної безпеки,0
1127406,1127333,A0800,0
1127407,1127333,A2171,0
1127408,1127333,A2183,0
1127409,1127333,А1795,0
1127410,1127333,А3189,0
1127411,1127350,Новоукраїнський РТЦК та СП,0
1127412,1127351,Березівский РТЦК та СП,0
1127755,1125761,КВЗ ЗС України,0
1127756,1125761,КМС ЗС України,0
1127757,1125761,КПС ЗС України,0
1127758,1125761,КСВ ЗС України,0
1127759,1125761,КСЛ ЗС України,0
1127760,1125761,КСП ЗС України,0
1127761,1125761,КССО ЗС України,0
1127762,1125761,МОУ,0
1127763,1125761,"ОК ""Південь""",0
1127764,1125761,ПвК Південь,0
1127766,1125761,КСТРО ЗС України,0
1127769,1127755,9 ЦЗІ та КБ в ІТС,0
1127770,1127755,A0707,0
1127772,1127756,A7011,0
1127773,1127756,А0206,0
1127774,1127756,А2339,0
1127775,1127756,А4516,0
1127776,1127756,А7010,0
1127777,1127756,А7366,0
1127778,1127756,Військово-медична академія,0
1127779,1127757,A0215-Ю,0
1127780,1127757,A1049-M,0
1127781,1127757,A1538,0
1127782,1127757,A0201-P,0
1127783,1127757,A0215-P,0
1127784,1127757,A2287,0
1127785,1127757,A2466,0
1127786,1127757,A2656,0
1127787,1127757,A3013,0
1127788,1127757,A3808,0
1127789,1127757,A4610,0
1127790,1127757,А0201-Б,0
1127791,1127757,А0201-В,0
1127792,1127757,А0201-Г,0
1127793,1127757,А0201-Л,0
1127794,1127757,А0201-Н,0
1127795,1127757,А0201-П,0
1127796,1127757,А0201-С,0
1127797,1127757,А0215-В,0
1127798,1127757,А0215-Г,0
1127799,1127757,А0215-Ж,0
1127800,1127757,А0215-Л,0
1127801,1127757,А0215-М,0
1127802,1127757,А0215-П,0
1127803,1127757,А0215-Т,0
1127804,1127757,А0215-Ц,0
1127805,1127757,А0287,0
1127806,1127757,А0302,0
1127807,1127757,А0304,0
1127808,1127757,А0535,0
1127809,1127757,А0549,0
1127810,1127757,А0905,0
1127811,1127757,А0985,0
1127812,1127757,А1049-Г,0
1127813,1127757,А1049-Т,0
1127814,1127757,А1134,0
1127815,1127757,А1231,0
1127816,1127757,А1469,0
1127817,1127757,А1660,0
1127818,1127757,А1670,0
1127819,1127757,А2502,0
1127820,1127757,А2643,0
1127821,1127757,А2734,0
1127822,1127757,А2833,0
1127823,1127757,А3586,0
1127824,1127757,А3641,0
1127825,1127757,А3666,0
1127826,1127757,А4308,0
1127827,1127757,ЦОСіМП,0
1127828,1127758,A1827,0
1127829,1127758,А4009,0
1127830,1127758,А4239,0
1127831,1127759,A1056,0
1127832,1127759,A1119,0
1127833,1127759,А0598,0
1127834,1127759,А1329,0
1127835,1127759,А1358,0
1127836,1127759,А1603,0
1127837,1127759,А2007,0
1127838,1127759,А2730,0
1127839,1127759,КЕВ м.Вінниця,0
1127840,1127759,КЕВ Хмельницький,0
1127842,1127760,А0853,0
1127843,1127760,А2641,0
1127844,1127760,А2738,0
1127845,1127760,А7147,0
1127846,1127761,А0661,0
1127847,1127761,А1788,0
1127848,1127762,A4277,0
1127849,1127763,A1445,0
1127850,1127763,A1619,0
1127851,1127763,В ОТЦК та СП,0
1127853,1127766,А7048,0
1128160,1126524,А0932,0
1128161,1126524,А2927,0
1128162,1126524,А3321,0
1128163,1126524,А2598,0
1128164,1126524,А4044,0
1128165,1126524,А4007,0
1128166,1126524,А4053,0
1128167,1126570,Житомирський РТЦК та СП,0
1128168,1126570,Бердичівський РТЦК та СП,0
1128169,1126571,Подольський РТЦК та СП,0
1128170,1126572,Броварський РТЦК та СП,0
1128171,1126572,Білоцерківський РТЦК та СП,0
1128172,1126572,Бучанський РТЦК та СП,0
1128173,1126572,Вишгородський РТЦК та СП,0
1128174,1126572,Обухівський РТЦК та СП,0
1128175,1126572,Фастівський РТЦК та СП,0
1128176,1126573,Миргородський РТЦК та СП,0
1128177,1126574,Сумський РТЦК та СП,0
1128178,1126574,Конотопський РТЦК та СП,0
1128179,1126574,Охтирський РТЦК та СП,0
1128180,1126574,Шосткинський РТЦК та СП,0
1128181,1126574,Сумський МТЦК та СП,0
1128182,1126574,Роменський РТЦК та СП,0
1128183,1126576,Ніженський РТЦК та СП,0
1128184,1126576,Прилуцький РТЦК та СП,0
1128185,1126576,Чернігіський РТЦК та СП,0
1128186,1126576,Новгород-Сіверський РТЦК та СП,0
1128187,1126576,Корюківський РТЦК та СП,0
1128188,1126575,Золотонівський РТЦК та СП,0
1128189,1126574,А7099,0
1128190,1126576,Чернігівський ОМТЦК та СП,0
1128191,1126531,25 гарнізоний будинок офіцерів,0
1128192,1126536,КЕВ м.Суми,0
1145057,1128168,1 відділ Бердичівського РТЦК та СП,0
1145058,1128168,2 відділ Бердичівського РТЦК та СП,0
1145059,1128167,1 відділ Житомирського РТЦК та СП,0
1145060,1128167," 2 відділ Житомирського РТЦК та СП",0
1145061,1128167,3 відділ Житомирського РТЦК та СП,0
1145062,1128167,4 відділ Житомирського РТЦК та СП,0
1145063,1128167,5 відділ Житомирського РТЦК та СП,0
1145064,1128167,6 відділ Житомирського РТЦК та СП,0
1145065,1128167,7 відділ Житомирського РТЦК та СП,0
1145066,1128167,8 відділ Житомирського РТЦК та СП,0
1145067,1128167,9 відділ Житомирського РТЦК та СП,0
1145068,1126669,1 відділ Коростенського РТЦК та СП,0
1145069,1126669,2 відділ Корестинського РТЦК та СП,0
1145070,1126669,3 відділ Коростенського РТЦК та СП,0
1145071,1126669,4 відділ Коростенського РТЦК та СП,0
1145072,1128171,1 відділ Білоцерківського РТЦК та СП,0
1145073,1128171,2 відділ Білоцерківського РТЦК та СП,0
1145074,1128171,3 відділ Білоцерківського РТЦК та СП,0
1145075,1128171,4 відділ Білоцерківського РТЦК та СП,0
1145076,1128171,5 відділ Білоцерківського РТЦК та СП,0
1145077,1128171,6 відділ Білоцерківського РТЦК та СП,0
1145078,1126680,1 відділ Бориспільського РТЦК та СП,0
1145079,1126680,2 відділ Бориспільського РТЦК та СП,0
1145080,1128170,1 відділ Броварського РТЦК та СП,0
1145081,1128170,2 відділ Броварського РТЦК та СП,0
1145082,1128170,3 відділ Броварського РТЦК та СП,0
1145083,1128172,1 відділ Бучанського РТЦК та СП,0
1145084,1128172,2 відділ Бучанського РТЦК та СП,0
1145085,1128172,3 відділ Бучанського РТЦК та СП,0
1145086,1128173,1 відділ Вишгородського РТЦК та СП,0
1145087,1128173,2 відділ Вишгородського РТЦК та СП,0
1148693,1092901,Т0200,0
1148694,1092901,Т0300,0
1148696,1092890,А1028,0
1148699,1092891,А3913,0
1148702,1092892,КЕВ м. Володимир,0
1148707,1092896,Департамент внутрішнього аудиту,0
1149342,1148707,Західне територіальне управління внутрішнього аудиту м.Львів,0
1149343,1148707,5-й відділ управління внутрішнього аудиту,0
1149346,1092897,А3295,0
1149347,1092970,А2042,0
1149348,1092897,А0796,0
1149352,1092897,А1461,0
1149353,1092897,А1590,0
1149354,1092897,А3215,0
1151455,1127333,А2709,0
1151460,1027629,Оперативна група ДСНС,0
1151465,1127327,Миколаївський РТЦК та СП,0
1151466,1127330,А7356,0
1151467,1125760,Управління фізичної культури і спорту,0
1151468,1151467,9 спортивний клуб,0
1151469,1127331,А3955,0
1151471,1125760,КПС ЗС України,0
1151472,1125760,ДССТ ЗС України,0
1151474,1127331,А4760,0
1151475,1127331,А2227,0
1151486,1092991,Ковельський РТЦК та СП,0
1151487,1092992,Ужгородський РТЦК та СП,0
1151488,1151487,1 відділ Ужгородського РТЦК та СП,0
1151489,1093064,2 відділ Мукачівського РТЦК та СП,0
1151490,1092992,Тячівський РТЦК та СП,0
1151491,1125786,Т0310,0
1151492,1125786,Т0400,0
1151493,1125786,Т0610,0
1151494,1092898,А3051,0
1151497,1125774,9 гарнізонний будинок офіцерів,0
1151498,1125774,А7015,0
1151499,1125775,А0543,0
1151501,1125780,А7408,0
1151502,1125771,А0209,0
1154382,380,А0139 (101 бригада охорони),0
1155291,532,Департамент державного гарантування якості,0
1157515,380,Головне управління ракетних військ і артилерії безпілотних систем,0
1181681,973488,"Тактична група ""Адам""",0
1183273,1127757,А2280,0
1184616,1126524,А0493,0
1187717,1125761,А2731,0
1187722,1127756," Військово-медичний клінічний центр Центрального регіону (м. Вінниця)",0
1188400,1127757,А0306,0
1188415,1127757,А0215,0
1201999,1125759,КССО ЗС України,0
1202263,1125777,Департамент юридичного забезпечення,0
1202264,1202263,Північне територіальне юридичне управління,0
1202265,1202264,Південно-східний територіальний юридичний відділ,0
1203752,193286,А5725,0
1218956,1127757,А0215-Х,0
1219333,1127757,A0215-Ф,0
1231994,380,Головне управління зв'язку та кібербезпеки,0
1236673,532,Головне управління ударних систем,0
1238265,380,А7177,0
1238270,532,Відділ експлуатації та ремонту фондів логістики,0
1240397,1125760,Lost&Found_8CZI,0
1272621,421,Центр ТЕХ підтримки СТАРЛІНК,0
1272646,137820,А4742,0
1286569,532,Головне управління земель оборони та фондів,0
1287198,380,Головне управління радіоелектронної та кіберборотьби,0
1289979,380,Центральне управління військової освіти,0
1293982,1127766,А7334,0
1298411,1127758,А2573,0
1298415,1127330,А7353,0
1298420,471,А0189,0
1306873,438,А0211,0
1314397,1125761,New subscribers,0
1314403,1639222,ОТУ ДОНЕЦЬК,0
1326714,590,А2860,0
1336916,1127764,А0494,0
1342548,9140,А1620,0
1342560,7067,А4055,0
1345624,1127148,А2393,0
1347882,1127370,А3137,0
1349364,97103,"Центральний територіальний відділ пожежної безпеки ",0
1361528,492,Центральне Управління Забезпечення Наземними Системами Озброєння,0
1364585,471,A4644,0
1366759,459,Зведена стрілецька бригада повітряних сил ЗСУ,0
1367560,560,Інститут логістики та підтримки військ та сил,0
1367594,1126525,З загального,0
1370699,1126524,"ОУВ ""Харків""",0
1376853,471,Юридичне управління,0
1377314,1286569,Відділ розробки та супроводження геопросторового сервісу управління обліку та реєстрації земель оборони,0
1377500,590,А1975,0
1378223,471,А0105Ж,0
1382211,471,А4010,0
1382904,1127333,297 Комендатура охорони та обслуговування (КОО),0
1390697,471,А3488,0
1393392,1092891,А7022,0
1393417,532,Відділ експортного контролю,0
1395314,1125771,Угруповання сил і засобів медичних сил Слов'янськ,0
1409638,1127757,ЦВММ,0
1410206,1126571,Київський МТЦК та СП,0
1415482,1092994,Сарненський РТЦК та СП,0
1417913,1126596,ОТУ Марун,0
1420563,1395314,А0206-ІІ,0
1420880,524,А4438,0
1421065,492,"Центральне управління інженерно інфраструктурного забезпечення ",0
1422874,1201999,A4804,0
1430936,1125761,КДШВ ЗС України,0
1430937,1430936,А0310,0
1433767,1125759,"indeterminate, blocked",0
1448860,380,Головне управління військового співробітництва,0
1449031,1125761,Lost&Found_9CZI,0
1449032,1125757,Lost&found_3CZI,0
1449931,1126616,А1317,0
1451838,1125778,17 гарнізонний будинок офіцерів,0
1452291,532,615 військове представництво,0
1453031,1092994,Дубенський РТЦК та СП,0
1453032,1453031,1 відділ Дубенського РТЦК та СП(Млинівський РТЦК та СП),0
1453033,1453031,2 відділ Дубенського РТЦК та СП(Радивилівський РТЦК та СП),0
1458339,532,Департамент гуманітарного забезпечення,0
1464938,1127757,Головний Call-центр ПС (Call-центр МПЗ),0
1467297,532,Центр дослідження воєнної історії (А4627),0
1471241,151266,А7052,0
1471735,1125761,60 Будинок офіцерів,0
1474327,1127756,А3267,0
1474368,1125760,Південне регіональне управління державної прикордонної служби України,0
1479479,1126524,30 гарнізонний будинок офіцерів (А0409),0
1479646,1092899,Чернівецький ЗВ ВСП,0
1483540,471,10 армійський корпус,0
1483541,1483540,А4767,0
1490006,1127344,"61 військовий госпіталь, А0318",0
1494028,1126535,A4767,0
1494449,97103,Командування Сил ТРО,0
1494454,1494449,А4965,0
1494459,380,"Центральне управління космічної підтримки  ",0
1495482,438,Головний військовий клінічний госпіталь,0
1502948,1125760,Особисті АРМ,0
1506910,1125759,_TEST_6CZI,0
1507852,380,Угрупування сил і засобів оборони м.Київ,0
1507913,1127763,А7020,0
1509170,1125768,Т0920,0
1509228,1126524,"ОУВ ""Чернігів""",0
1516412,1092897,А0381,0
1521311,1092948,А7166,0
1521332,471,А4681,0
1521350,1127104,КЕВ м. Запоріжжя,0
1524920,1125760,КЕВ м. Білгород-Дністровський,0
1525261,1127331,A1785,0
1528256,1125775,КЕУ міста Харків,0
1535380,1127103,А4705,0
1535401,1125760,А1560,0
1535590,1127757,А4687,0
1535773,1125778,Сєвєродонецький РТЦК та СП,0
1536388,532,Головне управління капітальних вкладень,0
1536939,1127331,A2896,0
1536961,7067,А1325,0
1539160,1126535,А4712,0
1539409,1125780,А7384,0
1539958,1092895,А7392,0
1545891,1092970,A1567,0
1546606,1125774,А1962,0
1546961,1092895,А7126,0
1547121,1127331,A1478,0
1547130,1125871,А7235,0
1547164,1494449,А4651,0
1549721,431,А2298,0
1550670,1092897,A4056,0
1551346,1092935,А0724,0
1552517,1092897,A4886,0
1552534,1127101,А4445,0
1552586,1092964,А4346,0
1552598,1127331,А2980,0
1557096,1127331,A4628,0
1557138,1125816,155 Військове представництво,0
1557151,1125759,Управлінню предствництв замовника МОУ,0
1557153,1557151,А1301,0
1557175,1127333,A4576,0
1562335,590,А1469,0
1563322,973488,ВЗ Аспіре,0
1563444,1092993,Стрийський РТЦК та СП,0
1564524,367,Служба військового капеланства,0
1564842,471,А4005,0
1565360,1563444,2 відділ Стрийського РТЦК та СП (Миколаїв Львівська обл),0
1567131,1092897,А4805,0
1567190,1127103,А4699,0
1567218,1092949,А7075,0
1567222,1092949,A7077,0
1567938,1126571,Подільський РТЦК та СП,0
1571948,1092897,А7100,0
1575053,1127102,А3406,0
1578177,1092954,7170,0
1580721,1127757,ОКП КПС,0
1580854,1127331,A1445,0
1583172,1125759,Прикордонники. Регіноальне управління морської охорони,0
1583191,1583172,А1485,0
1584995,1125778,А4698,0
1585334,1125889,А4603,0
1585337,367,Управління інформаційних проєктів,0
1585487,1126531,А4030,0
1587131,1125871,А7225,0
1587185,1125889,А7401,0
1587229,1125780,A7405,0
1587230,97103,ДССТУ,0
1588272,1125871,А7221,0
1588306,532,Департамент ресурсного забезпечення,0
1588880,1126535,А4080,0
1589080,1092897,А4117,0
1589193,7067,А3274,0
1590091,1590088,А0617,0
1591083,1415482,1 відділ Сарненського РТЦК та СП,0
1591769,1127330,А7349,0
1593891,1610565,А4722,0
1594439,1125790,4066,0
1594552,1127327,А4689,0
1596294,1092895,А7179,0
1596496,1127331,A5750,0
1597718,1126524,А4784,0
1599475,1092895,А7391,0
1600246,1092895,А7127,0
1600537,1092895,А7153,0
1601371,1092948,А7135,0
1601402,1092939,A7080,0
1601413,1092948,А7370,0
1601445,1092949,А7074,0
1601718,1127406,"290 Комендатура охорони та обслуговування ",0
1602213,590,А2648,0
1607556,1126535,А4224,0
1607675,1125778,А4820,0
1607676,1607675,А4952,0
1608015,1127853,171 батальйон. м. Немирів,0
1608147,471,А4643,0
1610565,1125799,10 Армійський корпус,0
1611184,532,Київський військовий ліцей імені Івана Богуна,0
1614580,532," Управління відчуження та утилізації",0
1614711,7067,А4466,0
1615426,471,A4051,0
1618385,1127331,А2169,0
1618492,1127351,Голованівського РТЦК та СП,0
1620208,7066,А4752,0
1620310,7067,А1728,0
1621966,456,ОСУВ Північ,0
1626132,1092994,Варашський РТЦК та СП,0
1626133,1626132,2 відділ Варашського РТЦК та СП,0
1628323,8049,А3674,0
1631761,1127759,А0543,0
1631858,1125759,КМП ЗС України,0
1631859,1631858,А4656,0
1632141,1125799,А4676,0
1632667,1126596,А3771,0
1632856,590,А1356,0
1634162,1092886,Т0950,0
1639222,1631859,4656,0
1639875,1125760,Білгород-Дністровський РТЦК та СП,0
1640350,1610565,А4707,0
1640612,1127344,А7367,0
1642009,1126524,A4723,0
1651539,471,А4808,0
1653016,1092895,А5005,0
1655912,1587230,"АС ""Коровай""",0
1657628,1125768,Т0410,0
